Workbook
Name AVERAGE_SALES_VALUE: Tables!$E$4
Name CUSTOMERS: Tables!$C$4
Name Slicer_Delivery_Status: #N/A
Name Slicer_Sales__Year: #N/A
Name Slicer_Sales_Status: #N/A
Name top_percentage_product: Tables!$H$27
Name top_percentage_rep: Tables!$K$30
Name top_product: Tables!$H$26
Name top_rep: Tables!$K$29
Name TOTAL_CUSTOMERS: Tables!$C$4
Name TOTAL_QTY: Tables!$J$4
Name TOTAL_SALES: Tables!$G$4

Sheet Raw Data
A1: CustomerID | B1: FirstName | C1: LastName | D1: City | E1: OrderDate | F1: DeliveryDate | G1: SalesValue | H1: DeliveryDuration | I1: DeliveryDay | J1: Product | K1: Quantity | L1: UnitPrice | M1: TotalPrice | N1: SalesRep
A2: CUS-8270-MN | B2: sarah | C2: brown | D2: houston | E2: 45226 | F2: 45232 | G2: 119 | H2: 6 | I2: Thursday | J2: Monitor | K2: 2 | L2: 111.47 | M2: 222.94 | N2: Rep-B
A3: CUS-1860-KL | B3: james | C3: brown | D3: new york | E3: 45052 | F3: 45061 | G3: 686 | H3: 9 | I3: Monday | J3: Laptop | K3: 1 | L3: 343.24 | M3: 343.24 | N3: Rep-D
A4: CUS-6390-KL | B4: linda | C4: johnson | D4: new york | E4: 45053 | F4: 45059 | G4: 854 | H4: 6 | I4: Saturday | J4: Laptop | K4: 1 | L4: 382.37 | M4: 382.37 | N4: Rep-C
A5: CUS-6191-AB | B5: robert | C5: miller | D5: chicago | E5: 44938 | F5: 44947 | G5: 834 | H5: 9 | I5: Saturday | J5: Laptop | K5: 4 | L5: 192.03 | M5: 768.12 | N5: Rep-B
A6: CUS-6734-AB | B6: james | C6: williams | D6: new york | E6: 45127 | F6: 45134 | G6: 169 | H6: 7 | I6: Thursday | J6: Monitor | K6: 4 | L6: 340.17 | M6: 1360.68 | N6: Rep-C
A7: CUS-7265-MN | B7: linda | C7: williams | D7: houston | E7: 45122 | F7: 45131 | G7: 923 | H7: 9 | I7: Monday | J7: Tablet | K7: 3 | L7: 227.81 | M7: 683.43 | N7: Rep-C
A8: CUS-1466-XY | B8: david | C8: brown | D8: chicago | E8: 45056 | F8: 45058 | G8: 310 | H8: 2 | I8: Friday | J8: Laptop | K8: 4 | L8: 370.94 | M8: 1483.76 | N8: Rep-A
A9: CUS-5426-AB | B9: michael | C9: davis | D9: phoenix | E9: 45253 | F9: 45261 | G9: 200 | H9: 8 | I9: Friday | J9: Laptop | K9: 4 | L9: 139.65 | M9: 558.6 | N9: Rep-C
A10: CUS-6578-XY | B10: james | C10: brown | D10: houston | E10: 44973 | F10: 44981 | G10: 797 | H10: 8 | I10: Friday | J10: Headphones | K10: 4 | L10: 450.6 | M10: 1802.4 | N10: Rep-B
A11: CUS-9322-AB | B11: linda | C11: williams | D11: chicago | E11: 45047 | F11: 45049 | G11: 231 | H11: 2 | I11: Wednesday | J11: Monitor | K11: 1 | L11: 179.33 | M11: 179.33 | N11: Rep-A
A12: CUS-2685-XY | B12: alice | C12: miller | D12: los angeles | E12: 45044 | F12: 45048 | G12: 722 | H12: 4 | I12: Tuesday | J12: Monitor | K12: 1 | L12: 215.5 | M12: 215.5 | N12: Rep-A
A13: CUS-1769-AB | B13: david | C13: davis | D13: houston | E13: 44960 | F13: 44967 | G13: 480 | H13: 7 | I13: Friday | J13: Phone | K13: 1 | L13: 76.14 | M13: 76.14 | N13: Rep-A
... A701: CUS-8570-AB | B701: alice | C701: brown | D701: chicago | E701: 44972 | F701: 44981 | G701: 226 | H701: 9 | I701: Friday | J701: Laptop | K701: 1 | L701: 336.37 | M701: 336.37 | N701: Rep-C

Sheet JOTTING
D3: Insights | E3: Metrics
C4: KPIs | D4: how many customer transacted with the business? | E4: Total Customers | H4: Others | I4: how is our delivery affecting sales? | J4: Delivery Status
D5: what is the average sales values? | E5: Avg Sales Values | J5: a) Early Delivery
D6: Total revenue generated? | E6: Total Sales | K6: • DeliveryDuration less than 3 days
D7: How many quantites of products were sold? | E7: Total Quantity | K7: • Shows fast fulfilment
K8: • Helps you reward reps or logistics teams
C9: Calcuation | D9: sales month
D10: sales year | J10: b) Standard Delivery
D11: sales weeks | K11: • DeliveryDuration between 3 and 6 days
D12: cleaned the city columns | K12: • Falls within expected timelines for most orders
D13: Compute Sales Status | E13: find averages | F13: =AVERAGE('Cleaned Data'!N:N) -> 675.36246 | K13: • Useful for measuring consistency
E14: created sales status using if | F14: if(…..)
J15: c) Slow Delivery
C16: Report | D16: Sales by Cities | K16: • DeliveryDuration between 7 and 9 days
D17: Sales by Months | K17: • Indicates delays in processing or logistics
D18: Qty by Product | K18: • Helps you spot bottlenecks by city or product type
D19: Qty by Months
D20: % Sales by Products | J20: d) Late Delivery
D21: % Sales by Sales Reps | K21: • DeliveryDuration above 9 days
K22: • Signals service issues
C23: Slicers | E23: Delivery Status | K23: • Useful for operational review and customer impact analysis
E24: Year Sales
E25: Sales Status

Sheet Cleaned Data
B1: CustomerID | C1: City | D1: Sales Year | E1: Sales Month | F1: DeliveryDate | G1: SalesValue | H1: DeliveryDuration | I1: Delivery Status | J1: Week Sales | K1: Product | L1: Quantity | M1: UnitPrice | N1: TotalPrice | O1: SalesRep | P1: Sales Status
B2: CUS-8270-MN | C2: Houston | D2: 2023 | E2: Nov | F2: 45232 | G2: 119 | H2: 6 | I2: =_xlfn.IFS(H2<3,"Early",H2<=6,"Standard",H2<=9,"Slow") -> Standard | J2: Thursday | K2: Monitor | L2: 2 | M2: 111.47 | N2: 222.94 | O2: Rep-B | P2: =IF('Cleaned Data'!N2>JOTTING!F13,"High Sales","Low Sales") -> Low Sales
B3: CUS-1860-KL | C3: New York | D3: 2023 | E3: May | F3: 45061 | G3: 686 | H3: 9 | I3: =_xlfn.IFS(H3<3,"Early",H3<=6,"Standard",H3<=9,"Slow") -> Slow | J3: Monday | K3: Laptop | L3: 1 | M3: 343.24 | N3: 343.24 | O3: Rep-D | P3: =IF('Cleaned Data'!N3>JOTTING!F14,"High Sales","Low Sales") -> Low Sales
B4: CUS-6390-KL | C4: New York | D4: 2023 | E4: May | F4: 45059 | G4: 854 | H4: 6 | I4: =_xlfn.IFS(H4<3,"Early",H4<=6,"Standard",H4<=9,"Slow") -> Standard | J4: Saturday | K4: Laptop | L4: 1 | M4: 382.37 | N4: 382.37 | O4: Rep-C | P4: =IF('Cleaned Data'!N4>JOTTING!F15,"High Sales","Low Sales") -> High Sales
B5: CUS-6191-AB | C5: Chicago | D5: 2023 | E5: Jan | F5: 44947 | G5: 834 | H5: 9 | I5: =_xlfn.IFS(H5<3,"Early",H5<=6,"Standard",H5<=9,"Slow") -> Slow | J5: Saturday | K5: Laptop | L5: 4 | M5: 192.03 | N5: 768.12 | O5: Rep-B | P5: =IF('Cleaned Data'!N5>JOTTING!F16,"High Sales","Low Sales") -> High Sales
B6: CUS-6734-AB | C6: New York | D6: 2023 | E6: Jul | F6: 45134 | G6: 169 | H6: 7 | I6: =_xlfn.IFS(H6<3,"Early",H6<=6,"Standard",H6<=9,"Slow") -> Slow | J6: Thursday | K6: Monitor | L6: 4 | M6: 340.17 | N6: 1360.68 | O6: Rep-C | P6: =IF('Cleaned Data'!N6>JOTTING!F17,"High Sales","Low Sales") -> High Sales
B7: CUS-7265-MN | C7: Houston | D7: 2023 | E7: Jul | F7: 45131 | G7: 923 | H7: 9 | I7: =_xlfn.IFS(H7<3,"Early",H7<=6,"Standard",H7<=9,"Slow") -> Slow | J7: Monday | K7: Tablet | L7: 3 | M7: 227.81 | N7: 683.43 | O7: Rep-C | P7: =IF('Cleaned Data'!N7>JOTTING!F19,"High Sales","Low Sales") -> High Sales
B8: CUS-1466-XY | C8: Chicago | D8: 2023 | E8: May | F8: 45058 | G8: 310 | H8: 2 | I8: =_xlfn.IFS(H8<3,"Early",H8<=6,"Standard",H8<=9,"Slow") -> Early | J8: Friday | K8: Laptop | L8: 4 | M8: 370.94 | N8: 1483.76 | O8: Rep-A | P8: =IF('Cleaned Data'!N8>JOTTING!F20,"High Sales","Low Sales") -> High Sales
B9: CUS-5426-AB | C9: Phoenix | D9: 2023 | E9: Dec | F9: 45261 | G9: 200 | H9: 8 | I9: =_xlfn.IFS(H9<3,"Early",H9<=6,"Standard",H9<=9,"Slow") -> Slow | J9: Friday | K9: Laptop | L9: 4 | M9: 139.65 | N9: 558.6 | O9: Rep-C | P9: =IF('Cleaned Data'!N9>JOTTING!F21,"High Sales","Low Sales") -> High Sales
B10: CUS-6578-XY | C10: Houston | D10: 2023 | E10: Feb | F10: 44981 | G10: 797 | H10: 8 | I10: =_xlfn.IFS(H10<3,"Early",H10<=6,"Standard",H10<=9,"Slow") -> Slow | J10: Friday | K10: Headphones | L10: 4 | M10: 450.6 | N10: 1802.4 | O10: Rep-B | P10: =IF('Cleaned Data'!N10>JOTTING!F22,"High Sales","Low Sales") -> High Sales
B11: CUS-9322-AB | C11: Chicago | D11: 2023 | E11: May | F11: 45049 | G11: 231 | H11: 2 | I11: =_xlfn.IFS(H11<3,"Early",H11<=6,"Standard",H11<=9,"Slow") -> Early | J11: Wednesday | K11: Monitor | L11: 1 | M11: 179.33 | N11: 179.33 | O11: Rep-A | P11: =IF('Cleaned Data'!N11>JOTTING!F23,"High Sales","Low Sales") -> High Sales
B12: CUS-2685-XY | C12: Los Angeles | D12: 2023 | E12: May | F12: 45048 | G12: 722 | H12: 4 | I12: =_xlfn.IFS(H12<3,"Early",H12<=6,"Standard",H12<=9,"Slow") -> Standard | J12: Tuesday | K12: Monitor | L12: 1 | M12: 215.5 | N12: 215.5 | O12: Rep-A | P12: =IF('Cleaned Data'!N12>JOTTING!F25,"High Sales","Low Sales") -> High Sales
B13: CUS-1769-AB | C13: Houston | D13: 2023 | E13: Feb | F13: 44967 | G13: 480 | H13: 7 | I13: =_xlfn.IFS(H13<3,"Early",H13<=6,"Standard",H13<=9,"Slow") -> Slow | J13: Friday | K13: Phone | L13: 1 | M13: 76.14 | N13: 76.14 | O13: Rep-A | P13: =IF('Cleaned Data'!N13>JOTTING!K3,"High Sales","Low Sales") -> High Sales
B14: CUS-7949-XY | C14: Chicago | D14: 2023 | E14: Jun | F14: 45106 | G14: 231 | H14: 4 | I14: =_xlfn.IFS(H14<3,"Early",H14<=6,"Standard",H14<=9,"Slow") -> Standard | J14: Thursday | K14: Monitor | L14: 4 | M14: 100.18 | N14: 400.72 | O14: Rep-D | P14: =IF('Cleaned Data'!N14>JOTTING!K4,"High Sales","Low Sales") -> High Sales
B15: CUS-3433-XY | C15: Phoenix | D15: 2023 | E15: Sep | F15: 45182 | G15: 119 | H15: 4 | I15: =_xlfn.IFS(H15<3,"Early",H15<=6,"Standard",H15<=9,"Slow") -> Standard | J15: Wednesday | K15: Laptop | L15: 1 | M15: 282.14 | N15: 282.14 | O15: Rep-A | P15: =IF('Cleaned Data'!N15>JOTTING!K5,"High Sales","Low Sales") -> High Sales
B16: CUS-6311-KL | C16: Los Angeles | D16: 2023 | E16: Jul | F16: 45119 | G16: 635 | H16: 6 | I16: =_xlfn.IFS(H16<3,"Early",H16<=6,"Standard",H16<=9,"Slow") -> Standard | J16: Wednesday | K16: Headphones | L16: 4 | M16: 170.42 | N16: 681.68 | O16: Rep-C | P16: =IF('Cleaned Data'!N16>JOTTING!K6,"High Sales","Low Sales") -> Low Sales
B17: CUS-6051-MN | C17: New York | D17: 2023 | E17: Mar | F17: 44990 | G17: 326 | H17: 6 | I17: =_xlfn.IFS(H17<3,"Early",H17<=6,"Standard",H17<=9,"Slow") -> Standard | J17: Sunday | K17: Headphones | L17: 1 | M17: 425.97 | N17: 425.97 | O17: Rep-A | P17: =IF('Cleaned Data'!N17>JOTTING!K7,"High Sales","Low Sales") -> Low Sales
B18: CUS-7420-MN | C18: Los Angeles | D18: 2023 | E18: May | F18: 45067 | G18: 253 | H18: 3 | I18: =_xlfn.IFS(H18<3,"Early",H18<=6,"Standard",H18<=9,"Slow") -> Standard | J18: Sunday | K18: Monitor | L18: 1 | M18: 56.61 | N18: 56.61 | O18: Rep-A | P18: =IF('Cleaned Data'!N18>JOTTING!K8,"High Sales","Low Sales") -> Low Sales
B19: CUS-2184-KL | C19: Los Angeles | D19: 2023 | E19: Jan | F19: 44936 | G19: 904 | H19: 9 | I19: =_xlfn.IFS(H19<3,"Early",H19<=6,"Standard",H19<=9,"Slow") -> Slow | J19: Tuesday | K19: Monitor | L19: 2 | M19: 220.59 | N19: 441.18 | O19: Rep-C | P19: =IF('Cleaned Data'!N19>JOTTING!K9,"High Sales","Low Sales") -> High Sales
B20: CUS-5555-KL | C20: New York | D20: 2023 | E20: Nov | F20: 45245 | G20: 841 | H20: 2 | I20: =_xlfn.IFS(H20<3,"Early",H20<=6,"Standard",H20<=9,"Slow") -> Early | J20: Wednesday | K20: Laptop | L20: 3 | M20: 201.81 | N20: 605.43 | O20: Rep-A | P20: =IF('Cleaned Data'!N20>JOTTING!K10,"High Sales","Low Sales") -> High Sales
B21: CUS-4385-KL | C21: Houston | D21: 2023 | E21: Feb | F21: 44963 | G21: 568 | H21: 6 | I21: =_xlfn.IFS(H21<3,"Early",H21<=6,"Standard",H21<=9,"Slow") -> Standard | J21: Monday | K21: Phone | L21: 4 | M21: 58.7 | N21: 234.8 | O21: Rep-B | P21: =IF('Cleaned Data'!N21>JOTTING!K11,"High Sales","Low Sales") -> Low Sales
B22: CUS-7396-XY | C22: New York | D22: 2023 | E22: Aug | F22: 45152 | G22: 921 | H22: 7 | I22: =_xlfn.IFS(H22<3,"Early",H22<=6,"Standard",H22<=9,"Slow") -> Slow | J22: Monday | K22: Phone | L22: 2 | M22: 105.97 | N22: 211.94 | O22: Rep-D | P22: =IF('Cleaned Data'!N22>JOTTING!K12,"High Sales","Low Sales") -> Low Sales
B23: CUS-9666-XY | C23: New York | D23: 2024 | E23: Jan | F23: 45295 | G23: 970 | H23: 9 | I23: =_xlfn.IFS(H23<3,"Early",H23<=6,"Standard",H23<=9,"Slow") -> Slow | J23: Thursday | K23: Phone | L23: 1 | M23: 236.14 | N23: 236.14 | O23: Rep-D | P23: =IF('Cleaned Data'!N23>JOTTING!K13,"High Sales","Low Sales") -> Low Sales
B24: CUS-3558-XY | C24: Phoenix | D24: 2023 | E24: Jul | F24: 45125 | G24: 504 | H24: 3 | I24: =_xlfn.IFS(H24<3,"Early",H24<=6,"Standard",H24<=9,"Slow") -> Standard | J24: Tuesday | K24: Phone | L24: 4 | M24: 271.79 | N24: 1087.16 | O24: Rep-B | P24: =IF('Cleaned Data'!N24>JOTTING!K14,"High Sales","Low Sales") -> High Sales
... B33: CUS-8734-AB | C33: New York | D33: 2023 | E33: Sep | F33: 45179 | G33: 682 | H33: 2 | I33: =_xlfn.IFS(H33<3,"Early",H33<=6,"Standard",H33<=9,"Slow") -> Early | J33: Sunday | K33: Phone | L33: 1 | M33: 190.34 | N33: 190.34 | O33: Rep-B | P33: =IF('Cleaned Data'!N33>JOTTING!K23,"High Sales","Low Sales") -> Low Sales
B34: CUS-2267-AB | C34: Houston | D34: 2023 | E34: Nov | F34: 45241 | G34: 615 | H34: 6 | I34: =_xlfn.IFS(H34<3,"Early",H34<=6,"Standard",H34<=9,"Slow") -> Standard | J34: Saturday | K34: Phone | L34: 3 | M34: 398.3 | N34: 1194.9 | O34: Rep-C | P34: =IF('Cleaned Data'!N34>JOTTING!F47,"High Sales","Low Sales") -> High Sales
B35: CUS-2528-MN | C35: Houston | D35: 2023 | E35: Oct | F35: 45202 | G35: 320 | H35: 2 | I35: =_xlfn.IFS(H35<3,"Early",H35<=6,"Standard",H35<=9,"Slow") -> Early | J35: Tuesday | K35: Monitor | L35: 4 | M35: 397.81 | N35: 1591.24 | O35: Rep-D | P35: =IF('Cleaned Data'!N35>JOTTING!F48,"High Sales","Low Sales") -> High Sales
B36: CUS-4556-XY | C36: Phoenix | D36: 2023 | E36: Jan | F36: 44941 | G36: 625 | H36: 3 | I36: =_xlfn.IFS(H36<3,"Early",H36<=6,"Standard",H36<=9,"Slow") -> Standard | J36: Sunday | K36: Tablet | L36: 2 | M36: 284.58 | N36: 569.16 | O36: Rep-B | P36: =IF('Cleaned Data'!N36>JOTTING!F49,"High Sales","Low Sales") -> High Sales
B37: CUS-4890-XY | C37: Los Angeles | D37: 2023 | E37: Nov | F37: 45249 | G37: 614 | H37: 6 | I37: =_xlfn.IFS(H37<3,"Early",H37<=6,"Standard",H37<=9,"Slow") -> Standard | J37: Sunday | K37: Phone | L37: 2 | M37: 489.21 | N37: 978.42 | O37: Rep-B | P37: =IF('Cleaned Data'!N37>JOTTING!F50,"High Sales","Low Sales") -> High Sales
B38: CUS-9838-AB | C38: New York | D38: 2023 | E38: May | F38: 45061 | G38: 827 | H38: 5 | I38: =_xlfn.IFS(H38<3,"Early",H38<=6,"Standard",H38<=9,"Slow") -> Standard | J38: Monday | K38: Laptop | L38: 2 | M38: 106.5 | N38: 213 | O38: Rep-A | P38: =IF('Cleaned Data'!N38>JOTTING!F51,"High Sales","Low Sales") -> High Sales
B39: CUS-6393-MN | C39: New York | D39: 2023 | E39: Jun | F39: 45079 | G39: 840 | H39: 8 | I39: =_xlfn.IFS(H39<3,"Early",H39<=6,"Standard",H39<=9,"Slow") -> Slow | J39: Friday | K39: Laptop | L39: 4 | M39: 57.63 | N39: 230.52 | O39: Rep-D | P39: =IF('Cleaned Data'!N39>JOTTING!F52,"High Sales","Low Sales") -> High Sales
B40: CUS-9792-XY | C40: Houston | D40: 2023 | E40: Feb | F40: 44974 | G40: 435 | H40: 9 | I40: =_xlfn.IFS(H40<3,"Early",H40<=6,"Standard",H40<=9,"Slow") -> Slow | J40: Friday | K40: Tablet | L40: 2 | M40: 396.57 | N40: 793.14 | O40: Rep-C | P40: =IF('Cleaned Data'!N40>JOTTING!F53,"High Sales","Low Sales") -> High Sales
B41: CUS-9433-KL | C41: Los Angeles | D41: 2023 | E41: Sep | F41: 45199 | G41: 797 | H41: 3 | I41: =_xlfn.IFS(H41<3,"Early",H41<=6,"Standard",H41<=9,"Slow") -> Standard | J41: Saturday | K41: Tablet | L41: 1 | M41: 413.22 | N41: 413.22 | O41: Rep-B | P41: =IF('Cleaned Data'!N41>JOTTING!F54,"High Sales","Low Sales") -> High Sales
B42: CUS-8513-MN | C42: Los Angeles | D42: 2023 | E42: Mar | F42: 44996 | G42: 154 | H42: 3 | I42: =_xlfn.IFS(H42<3,"Early",H42<=6,"Standard",H42<=9,"Slow") -> Standard | J42: Saturday | K42: Phone | L42: 3 | M42: 104.09 | N42: 312.27 | O42: Rep-C | P42: =IF('Cleaned Data'!N42>JOTTING!F55,"High Sales","Low Sales") -> High Sales
B43: CUS-3612-XY | C43: Phoenix | D43: 2023 | E43: Jul | F43: 45135 | G43: 599 | H43: 3 | I43: =_xlfn.IFS(H43<3,"Early",H43<=6,"Standard",H43<=9,"Slow") -> Standard | J43: Friday | K43: Laptop | L43: 4 | M43: 169.51 | N43: 678.04 | O43: Rep-C | P43: =IF('Cleaned Data'!N43>JOTTING!F56,"High Sales","Low Sales") -> High Sales
B44: CUS-8041-MN | C44: Los Angeles | D44: 2023 | E44: Nov | F44: 45239 | G44: 999 | H44: 6 | I44: =_xlfn.IFS(H44<3,"Early",H44<=6,"Standard",H44<=9,"Slow") -> Standard | J44: Thursday | K44: Tablet | L44: 2 | M44: 57.9 | N44: 115.8 | O44: Rep-A | P44: =IF('Cleaned Data'!N44>JOTTING!F57,"High Sales","Low Sales") -> High Sales
B45: CUS-7235-MN | C45: Houston | D45: 2023 | E45: Feb | F45: 44960 | G45: 987 | H45: 1 | I45: =_xlfn.IFS(H45<3,"Early",H45<=6,"Standard",H45<=9,"Slow") -> Early | J45: Friday | K45: Monitor | L45: 1 | M45: 181.99 | N45: 181.99 | O45: Rep-A | P45: =IF('Cleaned Data'!N45>JOTTING!F58,"High Sales","Low Sales") -> High Sales
... B701: CUS-8570-AB | C701: Chicago | D701: 2023 | E701: Feb | F701: 44981 | G701: 226 | H701: 9 | I701: =_xlfn.IFS(H701<3,"Early",H701<=6,"Standard",H701<=9,"Slow") -> Slow | J701: Friday | K701: Laptop | L701: 1 | M701: 336.37 | N701: 336.37 | O701: Rep-C | P701: =IF('Cleaned Data'!N701>JOTTING!F714,"High Sales","Low Sales") -> High Sales

Sheet Detail1
A1: Details for Sum of TotalPrice - Month Sales: Apr
A3: CustomerID | B3: City | C3: Sales Year | D3: Month Sales | E3: DeliveryDate | F3: SalesValue | G3: DeliveryDuration | H3: Delivery Status | I3: Week Sales | J3: Product | K3: Quantity | L3: UnitPrice | M3: TotalPrice | N3: SalesRep | O3: Sales Status
A4: CUS-7241-MN | B4: Houston | C4: 2023 | D4: Apr | E4: 45023 | F4: 951 | G4: 6 | H4: Standard | I4: Friday | J4: Monitor | K4: 1 | L4: 79.91 | M4: 79.91 | N4: Rep-B | O4: High Sales
A5: CUS-3814-XY | B5: New York | C5: 2023 | D5: Apr | E5: 45039 | F5: 720 | G5: 5 | H5: Standard | I5: Sunday | J5: Phone | K5: 1 | L5: 53.76 | M5: 53.76 | N5: Rep-A | O5: High Sales
A6: CUS-2460-MN | B6: Houston | C6: 2023 | D6: Apr | E6: 45018 | F6: 871 | G6: 8 | H6: Slow | I6: Sunday | J6: Phone | K6: 4 | L6: 259.84 | M6: 1039.36 | N6: Rep-D | O6: High Sales
A7: CUS-9175-KL | B7: New York | C7: 2023 | D7: Apr | E7: 45037 | F7: 554 | G7: 2 | H7: Early | I7: Friday | J7: Tablet | K7: 2 | L7: 132.55 | M7: 265.1 | N7: Rep-B | O7: High Sales
A8: CUS-7970-AB | B8: New York | C8: 2023 | D8: Apr | E8: 45021 | F8: 632 | G8: 2 | H8: Early | I8: Wednesday | J8: Phone | K8: 4 | L8: 375.55 | M8: 1502.2 | N8: Rep-A | O8: High Sales
A9: CUS-7042-AB | B9: Los Angeles | C9: 2023 | D9: Apr | E9: 45037 | F9: 968 | G9: 7 | H9: Slow | I9: Friday | J9: Monitor | K9: 2 | L9: 365.97 | M9: 731.94 | N9: Rep-D | O9: High Sales
A10: CUS-1667-XY | B10: New York | C10: 2023 | D10: Apr | E10: 45028 | F10: 878 | G10: 7 | H10: Slow | I10: Wednesday | J10: Laptop | K10: 2 | L10: 225.96 | M10: 451.92 | N10: Rep-C | O10: High Sales
A11: CUS-8114-MN | B11: New York | C11: 2023 | D11: Apr | E11: 45018 | F11: 980 | G11: 8 | H11: Slow | I11: Sunday | J11: Tablet | K11: 3 | L11: 150.06 | M11: 450.18 | N11: Rep-B | O11: High Sales
A12: CUS-7190-KL | B12: Los Angeles | C12: 2023 | D12: Apr | E12: 45022 | F12: 972 | G12: 8 | H12: Slow | I12: Thursday | J12: Headphones | K12: 2 | L12: 373.43 | M12: 746.86 | N12: Rep-B | O12: High Sales
A13: CUS-2852-AB | B13: Chicago | C13: 2023 | D13: Apr | E13: 45021 | F13: 807 | G13: 5 | H13: Standard | I13: Wednesday | J13: Phone | K13: 4 | L13: 153.32 | M13: 613.28 | N13: Rep-D | O13: High Sales
A14: CUS-6977-KL | B14: Chicago | C14: 2023 | D14: Apr | E14: 45024 | F14: 497 | G14: 5 | H14: Standard | I14: Saturday | J14: Tablet | K14: 2 | L14: 209.49 | M14: 418.98 | N14: Rep-A | O14: High Sales
A15: CUS-9905-XY | B15: Los Angeles | C15: 2023 | D15: Apr | E15: 45034 | F15: 886 | G15: 5 | H15: Standard | I15: Tuesday | J15: Phone | K15: 1 | L15: 197.03 | M15: 197.03 | N15: Rep-A | O15: High Sales
... A40: CUS-1995-KL | B40: Phoenix | C40: 2023 | D40: Apr | E40: 45020 | F40: 641 | G40: 4 | H40: Standard | I40: Tuesday | J40: Phone | K40: 1 | L40: 79.56 | M40: 79.56 | N40: Rep-B | O40: High Sales

Sheet Tables
C2: TOTAL CUSTOMERS | E2: AVERAGE SALES VALUE | G2: TOTAL SALES | J2: TOTAL QUANTITY
C3: Count of CustomerID | E3: Average of SalesValue | G3: Sum of TotalPrice | J3: Sum of Quantity
C4: 700 | E4: 575.31571 | G4: 472753.72 | J4: 1732
C7: SALES BY CITIES | F7: SALES BY MONTHS | J7: QTY BY PRODUCT
C8: Row Labels | D8: Sum of TotalPrice | F8: Row Labels | G8: Sum of TotalPrice | J8: Row Labels | K8: Sum of Quantity
C9: Chicago | D9: 96469.03 | F9: Jan | G9: 44901.23 | J9: Headphones | K9: 306
C10: Houston | D10: 99674.89 | F10: Feb | G10: 40006.41 | J10: Laptop | K10: 409
C11: Los Angeles | D11: 97785.5 | F11: Mar | G11: 34024.69 | J11: Monitor | K11: 298
C12: New York | D12: 91964.44 | F12: Apr | G12: 22205.72 | J12: Phone | K12: 411
C13: Phoenix | D13: 86859.86 | F13: May | G13: 35976.13 | J13: Tablet | K13: 308
F14: Jun | G14: 46003.38
F15: Jul | G15: 42860.61
F16: Aug | G16: 43024.69
F17: Sep | G17: 36050.97
F18: Oct | G18: 44946.79
C19: QTY BY MONTHS | F19: Nov | G19: 47395.84
C20: Row Labels | D20: Sum of Quantity | F20: Dec | G20: 35357.26
C21: Jan | D21: 166
C22: Feb | D22: 138 | F22: % SALES BY PRODUCTS | J22: % SALES BY SALES REP
C23: Mar | D23: 125 | F23: Row Labels | G23: Sum of TotalPrice | J23: Row Labels | K23: Sum of TotalPrice
C24: Apr | D24: 82 | F24: Headphones | G24: 0.18432377 | J24: Rep-A | K24: 0.24706221
C25: May | D25: 137 | F25: Laptop | G25: 0.23074528 | J25: Rep-B | K25: 0.2713445
C26: Jun | D26: 177 | F26: Monitor | G26: 0.16026859 | H26: =INDEX(F24:F28,MATCH(MAX(G24:G28),G24:G28,0)) -> Phone | J26: Rep-C | K26: 0.26416082
C27: Jul | D27: 177 | F27: Phone | G27: 0.23496094 | H27: =MAX(G24:G28) -> 0.23496094 | J27: Rep-D | K27: 0.21743247
C28: Aug | D28: 141 | F28: Tablet | G28: 0.18970142
C29: Sep | D29: 136 | K29: =INDEX(J24:J27,MATCH(MAX(K24:K27),K24:K28,0)) -> Rep-B
C30: Oct | D30: 166 | K30: =MAX(K24:K27) -> 0.2713445
C31: Nov | D31: 159
C32: Dec | D32: 128

Sheet phase 1
Z21: s

Sheet phase 2
Z21: s

Sheet Phase 3
Z21: s

Sheet phase 4
Z21: s

Sheet Phase 5
Z21: s
